,s1-3102-3,converge_cnt,total_time,no-op
la25,1062.0,1976.0,373.53728675842285,0.0
la36,1381.0,1022.0,261.8210654258728,0.0
la39,1396.0,1475.0,375.51494574546814,0.0
